Date,GDP_Korea,USDKRW,GDP_Korea_USD_Million,GDP_Proxy_Monthly,CPI_Korea
1996-01-01,197063400.0,785.3,250940.277601,101.6464,56.17593
1996-02-01,198328500.0,782.8,253357.775507,101.735,56.3973
1996-03-01,199593500.0,782.3,255136.818782,101.8247,56.77997
1996-04-01,200858600.0,778.3,258073.493511,101.9128,57.16369
1996-05-01,202094400.0,788.0,256464.932318,101.9966,57.49259
1996-06-01,203330100.0,811.4,250591.734451,102.0728,57.49259
1996-07-01,204565900.0,813.0,251618.573186,102.1379,57.76668
1996-08-01,205763600.0,819.3,251145.571423,102.1883,58.03971
1996-09-01,206961200.0,826.5,250406.81589,102.2215,58.1504
1996-10-01,208158900.0,828.5,251247.917924,102.2384,58.1504
1996-11-01,208493800.0,829.1,251469.987537,102.2457,58.1504
1996-12-01,208828600.0,847.5,246405.46706,102.2599,58.36861
1997-01-01,209163500.0,867.0,241249.711649,102.3118,58.8082
1997-02-01,211610300.0,866.0,244353.656659,102.4296,59.13605
1997-03-01,214057000.0,898.0,238370.861173,102.6191,59.35532
1997-04-01,216503800.0,894.0,242174.272931,102.8392,59.62941
1997-05-01,217209600.0,893.5,243099.757508,103.0245,59.68422
1997-06-01,217915500.0,890.0,244848.838951,103.1052,59.79386
1997-07-01,218621300.0,892.0,245091.143498,103.0306,59.90349
1997-08-01,218175800.0,905.0,241078.195212,102.7579,60.34097
1997-09-01,217730200.0,917.0,237437.549982,102.2515,60.61717
1997-10-01,217284700.0,970.0,224004.845361,101.4978,60.61717
1997-11-01,212421800.0,1169.5,181634.687188,100.5073,60.67093
1997-12-01,207558800.0,1695.0,122453.588987,99.33309,62.20581
1998-01-01,202695900.0,1528.0,132654.384817,98.104,63.68587
1998-02-01,202168700.0,1635.0,123650.58104,96.9668,64.78221
1998-03-01,201641500.0,1386.0,145484.487734,96.03881,64.67258
1998-04-01,201114300.0,1338.0,150309.641256,95.35923,64.89185
1998-05-01,202426100.0,1409.0,143666.524722,94.92791,64.56294
1998-06-01,203738000.0,1376.0,148065.382752,94.72293,64.28886
1998-07-01,205049800.0,1232.0,166436.525974,94.69874,64.28886
1998-08-01,206753500.0,1336.0,154755.613772,94.80942,64.50707
1998-09-01,208457200.0,1393.0,149646.231156,95.01847,64.78221
1998-10-01,210160900.0,1321.0,159092.278577,95.29913,65.00043
1998-11-01,212336600.0,1247.0,170277.947073,95.63649,64.78221
1998-12-01,214512300.0,1206.0,177870.895522,96.02432,64.67258
1999-01-01,216688000.0,1176.0,184258.503401,96.45749,64.61776
1999-02-01,219821500.0,1224.5,179519.395672,96.9308,64.89185
1999-03-01,222955000.0,1228.0,181559.446254,97.43397,65.00043
1999-04-01,226088500.0,1189.0,190150.126156,97.94302,65.16488
1999-05-01,228253200.0,1186.1,192440.0978,98.43019,65.05524
1999-06-01,230417900.0,1157.5,199065.140389,98.87309,64.67258
1999-07-01,232582600.0,1204.0,193174.916944,99.26493,64.45226
1999-08-01,234658200.0,1181.0,198694.524414,99.60647,65.11111
1999-09-01,236733900.0,1217.0,194522.48699,99.90068,65.27557
1999-10-01,238809500.0,1200.0,199007.916667,100.1506,65.76892
1999-11-01,240397400.0,1159.5,207328.474917,100.3583,65.65823
1999-12-01,241985200.0,1136.0,213015.170188,100.5264,65.5486
2000-01-01,243573100.0,1124.0,216702.046263,100.6623,65.83955
2000-02-01,244824000.0,1131.31,216407.557021,100.7751,66.04089
2000-03-01,246075000.0,1105.5,222591.557365,100.8737,66.37296
2000-04-01,247325900.0,1110.0,222816.126126,100.9671,66.10625
2000-05-01,249589700.0,1130.0,220875.811209,101.0577,65.77314
2000-06-01,251853400.0,1115.15,225847.135662,101.1361,66.10625
2000-07-01,254117200.0,1116.9,227520.100278,101.1741,66.37296
2000-08-01,253835800.0,1108.8,228928.391053,101.1411,66.70502
2000-09-01,253554400.0,1115.3,227341.881108,101.022,67.5705
2000-10-01,253273000.0,1139.0,222364.354697,100.8402,67.50409
2000-11-01,254122300.0,1217.0,208810.408107,100.6348,67.10456
2000-12-01,254971500.0,1267.0,201240.357801,100.4427,67.37021
2001-01-01,255820800.0,1258.0,203355.166932,100.2826,68.10392
2001-02-01,257106600.0,1254.8,204898.49644,100.1614,68.43598
2001-03-01,258392500.0,1332.0,193988.338338,100.0776,69.0358
2001-04-01,259678300.0,1319.0,196875.132676,100.0225,69.30146
2001-05-01,260780700.0,1282.0,203417.108684,99.98648,69.23505
2001-06-01,261883200.0,1303.0,200984.778716,99.96377,69.43429
2001-07-01,262985600.0,1303.0,201830.85188,99.95557,69.56711
2001-08-01,264318000.0,1284.0,205855.166147,99.96857,69.83382
2001-09-01,265650500.0,1302.0,204032.616487,100.0126,69.7674
2001-10-01,266982900.0,1296.0,206005.324074,100.0968,69.7674
2001-11-01,269461900.0,1273.0,211674.70542,100.2274,69.36893
2001-12-01,271940900.0,1313.5,207035.325466,100.4037,69.50175
2002-01-01,274419900.0,1314.4,208779.595253,100.6094,69.90023
2002-02-01,276161200.0,1323.8,208612.454046,100.8228,70.23335
2002-03-01,277902400.0,1325.9,209595.318903,101.0241,70.63288
2002-04-01,279643700.0,1294.0,216107.959815,101.2032,71.03242
2002-05-01,281375000.0,1219.3,230767.626234,101.3536,71.29807
2002-06-01,283106200.0,1205.0,234942.932227,101.4676,71.23165
2002-07-01,284837500.0,1183.0,240775.570583,101.5349,71.03242
2002-08-01,285734200.0,1201.9,237735.391186,101.5418,71.49836
2002-09-01,286630800.0,1227.7,233469.767316,101.4749,71.89895
2002-10-01,287527500.0,1224.0,234908.088235,101.3292,71.6976
2002-11-01,287012500.0,1198.7,239436.472846,101.1055,71.76507
2002-12-01,286497500.0,1186.3,241505.09989,100.8141,72.09608
2003-01-01,285982500.0,1165.0,245478.540773,100.484,72.56413
2003-02-01,286045500.0,1193.7,239629.33177,100.1517,72.96261
2003-03-01,286108600.0,1252.0,228521.219382,99.85305,73.82809
2003-04-01,286171600.0,1215.5,235435.294118,99.61682,73.69526
2003-05-01,287697000.0,1210.0,237766.088154,99.46526,73.56243
2003-06-01,289222300.0,1196.0,241824.693423,99.41119,73.36214
2003-07-01,290747700.0,1181.0,246187.722269,99.4488,73.29678
2003-08-01,293218900.0,1175.0,249548.028369,99.56281,73.62885
2003-09-01,295690200.0,1150.2,257077.174984,99.73083,74.29509
2003-10-01,298161400.0,1184.0,251825.506757,99.9201,74.36044
2003-11-01,299575700.0,1202.1,249210.298644,100.0965,74.22762
2003-12-01,300990000.0,1192.0,252508.389262,100.2321,74.56179
2004-01-01,302404300.0,1174.0,257584.582624,100.3138,75.02774
2004-02-01,303244900.0,1179.0,257205.173876,100.3366,75.3598
2004-03-01,304085500.0,1146.7,265183.134211,100.3008,76.0914
2004-04-01,304926100.0,1173.6,259821.148603,100.2138,76.0914
2004-05-01,305186100.0,1165.0,261962.346209,100.0854,76.02604
2004-06-01,305446200.0,1156.0,264226.787774,99.92771,76.02604
2004-07-01,305706200.0,1170.0,261287.350427,99.75817,76.49199
2004-08-01,306541400.0,1152.0,266094.994213,99.59435,77.15612
2004-09-01,307376700.0,1152.0,266820.023148,99.45055,77.15612
2004-10-01,308211900.0,1120.0,275189.196429,99.33392,77.15612
2004-11-01,309173600.0,1048.0,295013.008906,99.24866,76.69122
2004-12-01,310135400.0,1035.1,299618.748591,99.19817,76.8251
2005-01-01,311097100.0,1026.85,302962.555388,99.18514,77.58095
2005-02-01,313041400.0,1000.85,312775.574095,99.21114,77.8951
2005-03-01,314985800.0,1015.4,310208.554921,99.27352,78.36526
2005-04-01,316930100.0,997.0,317883.751254,99.35948,78.44432
2005-05-01,318413200.0,1005.0,316829.021559,99.45322,78.36526
2005-06-01,319896200.0,1034.5,309227.871758,99.5412,78.12912
2005-07-01,321379300.0,1026.5,313082.610813,99.61693,78.44432
2005-08-01,322608500.0,1039.0,310499.037536,99.67876,78.6794
2005-09-01,323837700.0,1042.4,310665.4835,99.72855,79.07156
2005-10-01,325066900.0,1043.5,311515.955918,99.77129,78.91448
2005-11-01,326789400.0,1037.4,315008.097166,99.81157,78.60033
2005-12-01,328511900.0,1010.0,325259.306931,99.85063,78.83647
2006-01-01,330234400.0,958.9,344388.778809,99.88349,79.30663
2006-02-01,331028900.0,970.9,340950.527002,99.90384,79.46476
2006-03-01,331823300.0,971.4,341592.889987,99.90926,79.93492
2006-04-01,332617800.0,942.8,352797.836232,99.90736,80.01398
2006-05-01,334355500.0,945.3,353703.021968,99.90884,80.17001
2006-06-01,336093100.0,948.5,354341.73256,99.92113,80.01398
2006-07-01,337830800.0,954.9,353786.57451,99.94185,80.32707
2006-08-01,338766000.0,961.1,352477.404363,99.9658,80.79723
2006-09-01,339701300.0,946.0,359092.248062,99.99117,81.03232
2006-10-01,340636500.0,942.2,361533.113989,100.0256,80.64017
2006-11-01,342649300.0,929.0,368836.742017,100.0804,80.24907
2006-12-01,344662200.0,930.0,370604.480287,100.1634,80.48415
2007-01-01,346675000.0,941.0,368411.264612,100.2717,80.64017
2007-02-01,348631200.0,942.3,369978.987584,100.3972,81.18939
2007-03-01,350587400.0,941.1,372529.380512,100.5303,81.66061
2007-04-01,352543600.0,931.0,378671.965628,100.6631,81.97369
2007-05-01,353935100.0,927.4,381642.369348,100.7906,82.05276
2007-06-01,355326700.0,922.6,385136.209264,100.9122,82.05276
2007-07-01,356718200.0,919.0,388159.085963,101.0332,82.36691
2007-08-01,359059600.0,938.1,382751.909889,101.1591,82.44492
2007-09-01,361400900.0,913.6,395578.95505,101.2895,82.91613
2007-10-01,363742300.0,903.2,402726.195748,101.412,83.07214
2007-11-01,364656500.0,920.9,395978.354508,101.5089,83.07214
2007-12-01,365570600.0,935.8,390650.38826,101.5652,83.38629
2008-01-01,366484800.0,943.4,388472.334111,101.5776,83.77739
2008-02-01,366929500.0,942.8,389191.203507,101.5468,84.09259
2008-03-01,367374100.0,988.6,371610.492953,101.473,84.87689
2008-04-01,367818800.0,1005.0,365988.855721,101.3541,85.34811
2008-05-01,368632600.0,1028.5,358417.663264,101.181,86.0523
2008-06-01,369446300.0,1046.8,352929.244682,100.9363,86.60152
2008-07-01,370260100.0,1011.5,366050.519031,100.5967,87.22981
2008-08-01,366096100.0,1089.0,336176.430976,100.146,87.07274
2008-09-01,361932200.0,1206.3,300034.955373,99.59468,87.1518
2008-10-01,357768200.0,1277.5,280053.385519,99.00616,87.07274
2008-11-01,358082700.0,1468.0,243925.544959,98.46191,86.83766
2008-12-01,358397200.0,1262.0,283991.442155,98.03144,86.83766
2009-01-01,358711700.0,1380.0,259936.014493,97.74045,86.91673
2009-02-01,360328100.0,1532.8,235078.375087,97.59251,87.54396
2009-03-01,361944600.0,1372.3,263750.321844,97.57976,88.17119
2009-04-01,363561000.0,1277.0,284699.295223,97.68266,88.40522
2009-05-01,367258000.0,1249.0,294041.633307,97.87759,88.40522
2009-06-01,370955000.0,1273.5,291287.789556,98.13573,88.32721
2009-07-01,374652000.0,1222.2,306539.027982,98.41535,88.64135
2009-08-01,375566800.0,1248.0,300934.909188,98.67725,88.9555
2009-09-01,376481500.0,1175.0,320409.815603,98.8989,89.03456
2009-10-01,377396300.0,1182.0,319286.209814,99.08972,88.79842
2009-11-01,380343700.0,1164.4,326643.507386,99.27242,88.9555
2009-12-01,383291100.0,1163.65,329386.929059,99.46603,89.26964
2010-01-01,386238500.0,1158.7,333337.792353,99.66946,89.97488
2010-02-01,388318700.0,1159.0,335046.304285,99.87074,90.1562
2010-03-01,390398800.0,1131.2,345119.194955,100.0556,90.33858
2010-04-01,392479000.0,1108.0,354222.924188,100.216,90.70226
2010-05-01,393809200.0,1194.5,329685.391377,100.3486,90.79398
2010-06-01,395139400.0,1220.85,323659.253799,100.4549,90.70226
2010-07-01,396469600.0,1182.0,335422.673435,100.5429,90.88464
2010-08-01,398335100.0,1198.0,332500.055648,100.6215,91.34109
2010-09-01,400200500.0,1140.1,351022.307985,100.696,92.06847
2010-10-01,402066000.0,1124.0,357709.964413,100.7636,92.06847
2010-11-01,403345600.0,1157.2,348553.059108,100.8172,91.61413
2010-12-01,404625200.0,1130.6,357885.3706,100.8483,91.97781
2011-01-01,405904800.0,1119.1,362706.460549,100.8524,93.071
2011-02-01,406492100.0,1123.7,361744.326778,100.8273,93.70772
2011-03-01,407079400.0,1097.25,370999.681021,100.7739,94.07246
2011-04-01,407666700.0,1068.4,381567.484088,100.6992,94.16418
2011-05-01,408295200.0,1078.0,378752.53556,100.6122,94.3455
2011-06-01,408923800.0,1066.3,383497.858639,100.5222,94.52786
2011-07-01,409552300.0,1054.0,388569.544592,100.4371,94.98327
2011-08-01,410467800.0,1063.9,385814.29959,100.3633,95.62105
2011-09-01,411383400.0,1180.9,348364.270189,100.3047,95.52934
2011-10-01,412298900.0,1112.05,370755.721415,100.2617,95.34801
2011-11-01,413612800.0,1140.05,362802.362469,100.2319,95.43867
2011-12-01,414926800.0,1158.5,358158.624658,100.2098,95.80236
2012-01-01,416240700.0,1125.7,369761.659412,100.1868,96.18503
2012-02-01,416826500.0,1117.1,373132.635097,100.1535,96.54977
2012-03-01,417412200.0,1131.4,368934.270226,100.1038,96.57718
2012-04-01,417998000.0,1130.05,369893.36755,100.039,96.5677
2012-05-01,418619200.0,1180.0,354762.033898,99.96432,96.74058
2012-06-01,419240400.0,1141.17,367377.691317,99.88648,96.60354
2012-07-01,419861600.0,1130.27,371470.179692,99.81243,96.38532
2012-08-01,420903600.0,1133.2,371429.197553,99.74838,96.83124
2012-09-01,421945500.0,1111.21,379717.185171,99.6988,97.52383
2012-10-01,422987500.0,1090.17,388001.412624,99.66472,97.34146
2012-11-01,424105800.0,1081.75,392055.280795,99.64603,96.99569
2012-12-01,425224100.0,1063.24,399932.37651,99.64265,97.16857
2013-01-01,426342400.0,1087.46,392053.408861,99.65462,97.75153
2013-02-01,427948300.0,1083.9,394822.677369,99.68199,98.07832
2013-03-01,429554200.0,1112.48,386123.07637,99.72364,97.98767
2013-04-01,431160100.0,1101.52,391422.852059,99.77489,97.85168
2013-05-01,432601600.0,1129.34,383057.036263,99.82995,97.85168
2013-06-01,434043200.0,1141.45,380255.960985,99.88345,97.73256
2013-07-01,435484700.0,1122.66,387904.352164,99.93188,97.94234
2013-08-01,436756600.0,1109.42,393680.091099,99.97307,98.28916
2013-09-01,438028400.0,1073.33,408102.292243,100.006,98.47997
2013-10-01,439300300.0,1060.83,414109.989348,100.0313,98.17953
2013-11-01,440423500.0,1057.76,416373.75208,100.0501,98.16055
2013-12-01,441546700.0,1055.25,418428.524046,100.0635,98.27967
2014-01-01,442669900.0,1080.36,409742.956052,100.0728,98.80782
2014-02-01,444070700.0,1066.01,416572.765109,100.0779,99.07136
2014-03-01,445471600.0,1064.65,418420.67033,100.0761,99.25373
2014-04-01,446872400.0,1032.85,432659.534298,100.062,99.31804
2014-05-01,447256100.0,1020.3,438357.443889,100.0295,99.48143
2014-06-01,447639800.0,1011.6,442506.722025,99.97633,99.35388
2014-07-01,448023500.0,1027.75,435926.538555,99.90852,99.49935
2014-08-01,448818700.0,1013.85,442687.511302,99.8358,99.67329
2014-09-01,449614000.0,1054.55,426356.234097,99.76761,99.60899
2014-10-01,450409200.0,1073.07,419738.880036,99.70966,99.30855
2014-11-01,451707100.0,1112.06,406189.474189,99.66488,99.10825
2014-12-01,453004900.0,1090.89,415261.789304,99.63349,99.09877
2015-01-01,454302800.0,1104.3,411394.367473,99.61229,99.77028
2015-02-01,454954100.0,1100.65,413350.353579,99.59843,99.71124
2015-03-01,455605300.0,1107.71,411303.800935,99.59248,99.72073
2015-04-01,456256600.0,1076.74,423738.878466,99.60103,99.7513
2015-05-01,458512900.0,1111.99,412335.452657,99.63144,100.0307
2015-06-01,460769200.0,1117.34,412380.475057,99.68578,100.0507
2015-07-01,463025500.0,1159.7,399263.17151,99.75299,100.2309
2015-08-01,464218300.0,1182.54,392560.364413,99.81704,100.3712
2015-09-01,465411200.0,1184.62,392878.025583,99.86393,100.1108
2015-10-01,466604000.0,1140.5,409122.314774,99.88902,100.1108
2015-11-01,467202800.0,1149.39,406478.885902,99.89397,99.92103
2015-12-01,467801500.0,1169.26,400083.414581,99.88529,100.2204
2016-01-01,468400300.0,1210.04,387094.889425,99.87426,100.3912
2016-02-01,470357400.0,1238.09,379905.634216,99.87143,100.8213
2016-03-01,472314400.0,1138.86,414725.632065,99.88145,100.5609
2016-04-01,474271500.0,1144.09,414540.377068,99.8972,100.7507
2016-05-01,474882900.0,1188.99,399400.219234,99.90766,100.8107
2016-06-01,475494200.0,1154.15,411986.512441,99.90525,100.7907
2016-07-01,476105600.0,1112.89,427810.116004,99.89352,100.601
2016-08-01,477328300.0,1115.98,427721.19572,99.88161,100.8603
2016-09-01,478551000.0,1097.98,435846.736735,99.87927,101.4612
2016-10-01,479773700.0,1145.37,418880.972961,99.89209,101.6003
2016-11-01,481585600.0,1175.87,409556.867114,99.92242,101.4506
2016-12-01,483397600.0,1203.73,401583.05157,99.9693,101.5613
2017-01-01,485209500.0,1151.45,421389.986539,100.0271,102.6408
2017-02-01,486383200.0,1129.17,430743.997804,100.089,102.9212
2017-03-01,487556900.0,1117.48,436300.336471,100.1502,102.8506
2017-04-01,488730600.0,1136.99,429845.996887,100.2102,102.7209
2017-05-01,490965400.0,1119.58,438526.441463,100.2688,102.8306
2017-06-01,493200300.0,1143.75,431213.347905,100.3225,102.6113
2017-07-01,495435100.0,1121.86,441619.36427,100.3605,102.781
2017-08-01,495075700.0,1122.36,441102.409209,100.3726,103.3703
2017-09-01,494716300.0,1142.57,432985.550119,100.3578,103.4905
2017-10-01,494356900.0,1115.68,443099.186147,100.3347,103.3903
2017-11-01,496734600.0,1084.79,457908.535293,100.3279,102.6208
2017-12-01,499112300.0,1067.42,467587.547545,100.3544,102.9908
2018-01-01,501490000.0,1068.33,469414.88117,100.4096,103.4209
2018-02-01,502809600.0,1082.12,464652.379896,100.4781,104.2105
2018-03-01,504129300.0,1060.99,475149.875745,100.5436,104.1008
2018-04-01,505448900.0,1069.07,472793.081837,100.596,104.2906
2018-05-01,506370900.0,1080.75,468536.540982,100.6301,104.3412
2018-06-01,507292800.0,1111.79,456284.760012,100.6441,104.1303
2018-07-01,508214800.0,1112.75,456719.658504,100.6395,103.9311
2018-08-01,509126100.0,1116.5,456001.851023,100.619,104.8503
2018-09-01,510037300.0,1109.76,459592.464437,100.5855,105.6505
2018-10-01,510948600.0,1140.78,447894.072477,100.542,105.4607
2018-11-01,511004900.0,1118.61,456821.322892,100.4933,104.7112
2018-12-01,511061200.0,1112.85,459236.375073,100.4474,104.3507
2019-01-01,511117500.0,1111.82,459712.453455,100.4181,104.241
2019-02-01,513423100.0,1124.65,456518.087109,100.4188,104.6912
2019-03-01,515728600.0,1136.3,453866.613864,100.4549,104.4909
2019-04-01,518034200.0,1165.1,444626.384001,100.5145,104.8704
2019-05-01,518501400.0,1190.5,435532.437351,100.5788,105.0506
2019-06-01,518968500.0,1154.58,449486.855249,100.6304,104.8809
2019-07-01,519435700.0,1182.74,439179.95502,100.6616,104.5604
2019-08-01,521088800.0,1211.32,430182.610706,100.6654,104.8113
2019-09-01,522741900.0,1195.85,437129.99122,100.6286,105.2003
2019-10-01,524395000.0,1169.1,448545.890001,100.5258,105.4607
2019-11-01,522005600.0,1181.33,441879.604626,100.3296,104.8704
2019-12-01,519616300.0,1155.46,449705.11023,100.0238,105.1213
2020-01-01,517226900.0,1191.3,434170.150256,99.62457,105.5124
2020-02-01,512672000.0,1214.92,421980.075506,99.16865,105.5862
2020-03-01,508117200.0,1218.92,416858.503156,98.709,105.3542
2020-04-01,503562300.0,1203.95,418258.482495,98.31142,104.8904
2020-05-01,507355600.0,1236.61,410279.392856,97.94372,104.8272
2020-06-01,511148900.0,1200.5,425780.00833,97.95178,105.1118
2020-07-01,514942200.0,1192.68,431752.188349,98.00514,105.0275
2020-08-01,517539800.0,1187.48,435830.357845,98.16798,105.6178
2020-09-01,520137500.0,1165.97,446098.498818,98.39526,106.1976
2020-10-01,522735100.0,1133.99,460969.761638,98.65345,105.6072
2020-11-01,525513300.0,1105.79,475237.884228,98.91946,105.5124
2020-12-01,528291500.0,1086.11,486406.993767,99.17757,105.7654
2021-01-01,531069700.0,1118.35,474868.958734,99.41566,106.5138
2021-02-01,533470100.0,1123.36,474887.895836,99.62363,107.0831
2021-03-01,535870400.0,1126.72,475602.13126,99.79319,107.3572
2021-04-01,538270800.0,1115.58,482503.092562,99.9196,107.5048
2021-05-01,538242000.0,1114.48,482953.455124,100.0027,107.5786
2021-06-01,538213100.0,1130.42,476117.844105,100.0509,107.5786
2021-07-01,538184300.0,1151.86,467230.653031,100.0879,107.7999
2021-08-01,541328900.0,1158.32,467339.681608,100.1397,108.3165
2021-09-01,544473500.0,1183.7,459975.922953,100.2216,108.7592
2021-10-01,547618100.0,1174.94,466081.757366,100.3254,108.949
2021-11-01,548471000.0,1187.45,461889.791851,100.4323,109.4971
2021-12-01,549324000.0,1188.59,462164.385252,100.5258,109.6764
2022-01-01,550176900.0,1206.78,455904.887386,100.6031,110.5302
2022-02-01,552008100.0,1202.28,459134.366925,100.6672,111.1311
2022-03-01,553839200.0,1211.55,457132.791328,100.7194,111.848
2022-04-01,555670400.0,1255.87,442458.534721,100.7535,112.6175
2022-05-01,556148100.0,1236.93,449619.703621,100.7588,113.3238
2022-06-01,556625800.0,1298.95,428519.804457,100.7254,114.0723
2022-07-01,557103500.0,1299.08,428844.643902,100.6515,114.6204
2022-08-01,556361400.0,1338.66,415610.710213,100.54,114.515
2022-09-01,555619400.0,1431.67,388091.785584,100.3996,114.7153
2022-10-01,554877300.0,1424.6,389496.911414,100.2471,115.0737
2022-11-01,555287600.0,1316.84,421681.93048,100.1019,114.9789
2022-12-01,555698000.0,1260.18,440967.13697,99.98073,115.1792
2023-01-01,556108300.0,1231.95,451404.927148,99.89237,116.033
2023-02-01,557379300.0,1323.45,421156.321231,99.84109,116.3071
2023-03-01,558650400.0,1303.8,428478.575446,99.82765,116.5074
2023-04-01,559921400.0,1338.41,418348.189269,99.84776,116.771
2023-05-01,561705400.0,1324.55,424072.603274,99.89545,117.1505
2023-06-01,563489300.0,1317.8,427598.522791,99.96415,117.1821
2023-07-01,565273300.0,1273.85,443751.854614,100.0457,117.3191
2023-08-01,566650300.0,1322.43,428491.741214,100.1323,118.3628
2023-09-01,568027400.0,1347.86,421429.055441,100.2182,118.9636
2023-10-01,569404400.0,1351.03,421459.479064,100.2998,119.4064
2023-11-01,571326700.0,1289.95,442906.081631,100.3735,118.7844
2023-12-01,573249000.0,1290.97,444045.175333,100.433,118.8371
2024-01-01,575171300.0,1334.9,430872.200165,100.4676,119.301
2024-02-01,574881400.0,1336.19,430239.287327,100.4657,119.944
2024-03-01,574591600.0,1347.08,426545.985886,100.4212,120.1232
2024-04-01,574301700.0,1381.92,415582.450504,100.3411,120.1865
2024-05-01,574407400.0,1385.43,414605.83838,100.2382,120.2814
2024-06-01,574513000.0,1376.55,417357.185234,100.1246,120.0073
2024-07-01,574618700.0,1369.29,419647.189419,100.0086,120.313
2024-08-01,575071500.0,1336.0,430442.714571,99.89456,120.7452
2024-09-01,575524200.0,1314.94,437680.984177,99.78396,120.8612
2024-10-01,575977000.0,1377.57,418110.876398,99.67555,120.9033
2024-11-01,575646100.0,1396.99,412061.718409,99.56886,120.5976
2024-12-01,575315200.0,1477.86,389289.377884,99.46715,121.1352
2025-01-01,574984300.0,1453.86,395488.080008,99.38049,121.9786
2025-02-01,576229300.0,1459.04,394937.264685,99.32155,122.3686
2025-03-01,577474200.0,1474.44,391656.651565,99.30038,122.59
2025-04-01,578719200.0,1425.68,405925.032265,99.3173,122.6849
2025-05-01,581346100.0,1381.13,420920.622968,99.36662,122.5689
2025-06-01,583973000.0,1353.5,431454.008127,99.43752,122.6111
2025-07-01,586599900.0,1396.19,420143.318603,99.5126,122.8325
2025-08-01,586387900.0,1389.76,421934.674572,99.57665,122.7587
2025-09-01,586176000.0,1404.63,417316.992138,99.6252,123.4017
2025-10-01,585964000.0,1428.37,410232.642803,99.67366,123.7812
2025-11-01,589540300.0,1467.65,401689.957869,99.74346,123.5493
2025-12-01,593116500.0,1444.55,410589.133871,99.84805,123.9393
2026-01-01,596692800.0,1444.51,413076.268077,99.97734,124.4243
2026-02-01,597930400.0,1439.82,415281.377765,100.1117,124.8143
2026-03-01,599168100.0,1523.5,393283.929548,100.2345,125.236
2026-04-01,600405700.0,1477.93,406247.724858,100.3436,125.8369
2026-05-01,,1503.96,,100.4444,126.4167
2026-06-01,,1548.78,,,126.4904
2026-07-01,,1436.81,,,126.2585
2026-08-01,,1368.25,,,126.5537
2026-09-01,,1346.51,,,
